eo_maintanance_job_code,last_maintanance_date
100000084492_36,01.03.2022
100000084492_37,01.03.2022
100000084492_38,01.03.2022
100000084492_39,01.03.2022
100000084492_40,01.03.2022
100000084492_41,01.03.2022
100000084492_42,01.03.2022
100000084492_43,01.03.2022
100000084492_44,01.03.2022
100000084492_45,01.03.2022
100000084492_46,01.03.2022
100000084492_47,01.03.2022
100000084492_48,01.03.2022
100000084492_49,01.03.2022
100000084492_50,01.03.2022
100000084492_51,01.03.2022
100000084492_52,01.03.2022
100000084492_53,01.03.2022
100000084492_54,01.03.2022
100000084493_36,01.03.2022
100000084493_37,01.03.2022
100000084493_38,01.03.2022
100000084493_39,01.03.2022
100000084493_40,01.03.2022
100000084493_41,01.03.2022
100000084493_42,01.03.2022
100000084493_43,01.03.2022
100000084493_44,01.03.2022
100000084493_45,01.03.2022
100000084493_46,01.03.2022
100000084493_47,01.03.2022
100000084493_48,01.03.2022
100000084493_49,01.03.2022
100000084493_50,01.03.2022
100000084493_51,01.03.2022
100000084493_52,01.03.2022
100000084493_53,01.03.2022
100000084493_54,01.03.2022
100000084494_36,01.03.2022
100000084494_37,01.03.2022
100000084494_38,01.03.2022
100000084494_39,01.03.2022
100000084494_40,01.03.2022
100000084494_41,01.03.2022
100000084494_42,01.03.2022
100000084494_43,01.03.2022
100000084494_44,01.03.2022
100000084494_45,01.03.2022
100000084494_46,01.03.2022
100000084494_47,01.03.2022
100000084494_48,01.03.2022
100000084494_49,01.03.2022
100000084494_50,01.03.2022
100000084494_51,01.03.2022
100000084494_52,01.03.2022
100000084494_53,01.03.2022
100000084494_54,01.03.2022
100000084495_36,01.03.2022
100000084495_37,01.03.2022
100000084495_38,01.03.2022
100000084495_39,01.03.2022
100000084495_40,01.03.2022
100000084495_41,01.03.2022
100000084495_42,01.03.2022
100000084495_43,01.03.2022
100000084495_44,01.03.2022
100000084495_45,01.03.2022
100000084495_46,01.03.2022
100000084495_47,01.03.2022
100000084495_48,01.03.2022
100000084495_49,01.03.2022
100000084495_50,01.03.2022
100000084495_51,01.03.2022
100000084495_52,01.03.2022
100000084495_53,01.03.2022
100000084495_54,01.03.2022
100000084496_36,01.04.2022
100000084496_37,01.04.2022
100000084496_38,01.04.2022
100000084496_39,01.04.2022
100000084496_40,01.04.2022
100000084496_41,01.04.2022
100000084496_42,01.04.2022
100000084496_43,01.04.2022
100000084496_44,01.04.2022
100000084496_45,01.04.2022
100000084496_46,01.04.2022
100000084496_47,01.04.2022
100000084496_48,01.04.2022
100000084496_49,01.04.2022
100000084496_50,01.04.2022
100000084496_51,01.04.2022
100000084496_52,01.04.2022
100000084496_53,01.04.2022
100000084496_54,01.04.2022
100000084497_36,01.04.2022
100000084497_37,01.04.2022
100000084497_38,01.04.2022
100000084497_39,01.04.2022
100000084497_40,01.04.2022
100000084497_41,01.04.2022
100000084497_42,01.04.2022
100000084497_43,01.04.2022
100000084497_44,01.04.2022
100000084497_45,01.04.2022
100000084497_46,01.04.2022
100000084497_47,01.04.2022
100000084497_48,01.04.2022
100000084497_49,01.04.2022
100000084497_50,01.04.2022
100000084497_51,01.04.2022
100000084497_52,01.04.2022
100000084497_53,01.04.2022
100000084497_54,01.04.2022
100000084498_36,01.05.2022
100000084498_37,01.05.2022
100000084498_38,01.05.2022
100000084498_39,01.05.2022
100000084498_40,01.05.2022
100000084498_41,01.05.2022
100000084498_42,01.05.2022
100000084498_43,01.05.2022
100000084498_44,01.05.2022
100000084498_45,01.05.2022
100000084498_46,01.05.2022
100000084498_47,01.05.2022
100000084498_48,01.05.2022
100000084498_49,01.05.2022
100000084498_50,01.05.2022
100000084498_51,01.05.2022
100000084498_52,01.05.2022
100000084498_53,01.05.2022
100000084498_54,01.05.2022
100000084499_36,01.05.2022
100000084499_37,01.05.2022
100000084499_38,01.05.2022
100000084499_39,01.05.2022
100000084499_40,01.05.2022
100000084499_41,01.05.2022
100000084499_42,01.05.2022
100000084499_43,01.05.2022
100000084499_44,01.05.2022
100000084499_45,01.05.2022
100000084499_46,01.05.2022
100000084499_47,01.05.2022
100000084499_48,01.05.2022
100000084499_49,01.05.2022
100000084499_50,01.05.2022
100000084499_51,01.05.2022
100000084499_52,01.05.2022
100000084499_53,01.05.2022
100000084499_54,01.05.2022
100000084500_36,01.06.2022
100000084500_37,01.06.2022
100000084500_38,01.06.2022
100000084500_39,01.06.2022
100000084500_40,01.06.2022
100000084500_41,01.06.2022
100000084500_42,01.06.2022
100000084500_43,01.06.2022
100000084500_44,01.06.2022
100000084500_45,01.06.2022
100000084500_46,01.06.2022
100000084500_47,01.06.2022
100000084500_48,01.06.2022
100000084500_49,01.06.2022
100000084500_50,01.06.2022
100000084500_51,01.06.2022
100000084500_52,01.06.2022
100000084500_53,01.06.2022
100000084500_54,01.06.2022
100000084501_36,01.06.2022
100000084501_37,01.06.2022
100000084501_38,01.06.2022
100000084501_39,01.06.2022
100000084501_40,01.06.2022
100000084501_41,01.06.2022
100000084501_42,01.06.2022
100000084501_43,01.06.2022
100000084501_44,01.06.2022
100000084501_45,01.06.2022
100000084501_46,01.06.2022
100000084501_47,01.06.2022
100000084501_48,01.06.2022
100000084501_49,01.06.2022
100000084501_50,01.06.2022
100000084501_51,01.06.2022
100000084501_52,01.06.2022
100000084501_53,01.06.2022
100000084501_54,01.06.2022
100000084502_36,01.06.2022
100000084502_37,01.06.2022
100000084502_38,01.06.2022
100000084502_39,01.06.2022
100000084502_40,01.06.2022
100000084502_41,01.06.2022
100000084502_42,01.06.2022
100000084502_43,01.06.2022
100000084502_44,01.06.2022
100000084502_45,01.06.2022
100000084502_46,01.06.2022
100000084502_47,01.06.2022
100000084502_48,01.06.2022
100000084502_49,01.06.2022
100000084502_50,01.06.2022
100000084502_51,01.06.2022
100000084502_52,01.06.2022
100000084502_53,01.06.2022
100000084502_54,01.06.2022
100000084503_36,01.06.2022
100000084503_37,01.06.2022
100000084503_38,01.06.2022
100000084503_39,01.06.2022
100000084503_40,01.06.2022
100000084503_41,01.06.2022
100000084503_42,01.06.2022
100000084503_43,01.06.2022
100000084503_44,01.06.2022
100000084503_45,01.06.2022
100000084503_46,01.06.2022
100000084503_47,01.06.2022
100000084503_48,01.06.2022
100000084503_49,01.06.2022
100000084503_50,01.06.2022
100000084503_51,01.06.2022
100000084503_52,01.06.2022
100000084503_53,01.06.2022
100000084503_54,01.06.2022
100000084504_36,01.07.2022
100000084504_37,01.07.2022
100000084504_38,01.07.2022
100000084504_39,01.07.2022
100000084504_40,01.07.2022
100000084504_41,01.07.2022
100000084504_42,01.07.2022
100000084504_43,01.07.2022
100000084504_44,01.07.2022
100000084504_45,01.07.2022
100000084504_46,01.07.2022
100000084504_47,01.07.2022
100000084504_48,01.07.2022
100000084504_49,01.07.2022
100000084504_50,01.07.2022
100000084504_51,01.07.2022
100000084504_52,01.07.2022
100000084504_53,01.07.2022
100000084504_54,01.07.2022
100000084505_36,01.07.2022
100000084505_37,01.07.2022
100000084505_38,01.07.2022
100000084505_39,01.07.2022
100000084505_40,01.07.2022
100000084505_41,01.07.2022
100000084505_42,01.07.2022
100000084505_43,01.07.2022
100000084505_44,01.07.2022
100000084505_45,01.07.2022
100000084505_46,01.07.2022
100000084505_47,01.07.2022
100000084505_48,01.07.2022
100000084505_49,01.07.2022
100000084505_50,01.07.2022
100000084505_51,01.07.2022
100000084505_52,01.07.2022
100000084505_53,01.07.2022
100000084505_54,01.07.2022
100000084506_36,01.07.2022
100000084506_37,01.07.2022
100000084506_38,01.07.2022
100000084506_39,01.07.2022
100000084506_40,01.07.2022
100000084506_41,01.07.2022
100000084506_42,01.07.2022
100000084506_43,01.07.2022
100000084506_44,01.07.2022
100000084506_45,01.07.2022
100000084506_46,01.07.2022
100000084506_47,01.07.2022
100000084506_48,01.07.2022
100000084506_49,01.07.2022
100000084506_50,01.07.2022
100000084506_51,01.07.2022
100000084506_52,01.07.2022
100000084506_53,01.07.2022
100000084506_54,01.07.2022
100000028868_55,04.03.2009
100000028868_56,04.03.2009
100000028868_57,04.03.2009
100000028868_58,04.03.2009
100000028868_59,04.03.2009
100000028868_60,04.03.2009
100000028868_61,04.03.2009
100000028868_62,04.03.2009
100000028868_63,04.03.2009
100000028868_64,04.03.2009
100000028868_65,04.03.2009
100000028868_66,04.03.2009
100000062367_55,31.03.2009
100000062367_56,31.03.2009
100000062367_57,31.03.2009
100000062367_58,31.03.2009
100000062367_59,31.03.2009
100000062367_60,31.03.2009
100000062367_61,31.03.2009
100000062367_62,31.03.2009
100000062367_63,31.03.2009
100000062367_64,31.03.2009
100000062367_65,31.03.2009
100000062367_66,31.03.2009
100000062368_55,06.05.2009
100000062368_56,06.05.2009
100000062368_57,06.05.2009
100000062368_58,06.05.2009
100000062368_59,06.05.2009
100000062368_60,06.05.2009
100000062368_61,06.05.2009
100000062368_62,06.05.2009
100000062368_63,06.05.2009
100000062368_64,06.05.2009
100000062368_65,06.05.2009
100000062368_66,06.05.2009
100000062369_55,06.05.2009
100000062369_56,06.05.2009
100000062369_57,06.05.2009
100000062369_58,06.05.2009
100000062369_59,06.05.2009
100000062369_60,06.05.2009
100000062369_61,06.05.2009
100000062369_62,06.05.2009
100000062369_63,06.05.2009
100000062369_64,06.05.2009
100000062369_65,06.05.2009
100000062369_66,06.05.2009
100000062370_55,06.05.2009
100000062370_56,06.05.2009
100000062370_57,06.05.2009
100000062370_58,06.05.2009
100000062370_59,06.05.2009
100000062370_60,06.05.2009
100000062370_61,06.05.2009
100000062370_62,06.05.2009
100000062370_63,06.05.2009
100000062370_64,06.05.2009
100000062370_65,06.05.2009
100000062370_66,06.05.2009
100000062371_55,06.05.2009
100000062371_56,06.05.2009
100000062371_57,06.05.2009
100000062371_58,06.05.2009
100000062371_59,06.05.2009
100000062371_60,06.05.2009
100000062371_61,06.05.2009
100000062371_62,06.05.2009
100000062371_63,06.05.2009
100000062371_64,06.05.2009
100000062371_65,06.05.2009
100000062371_66,06.05.2009
100000062372_55,08.06.2009
100000062372_56,08.06.2009
100000062372_57,08.06.2009
100000062372_58,08.06.2009
100000062372_59,08.06.2009
100000062372_60,08.06.2009
100000062372_61,08.06.2009
100000062372_62,08.06.2009
100000062372_63,08.06.2009
100000062372_64,08.06.2009
100000062372_65,08.06.2009
100000062372_66,08.06.2009
100000062373_55,24.06.2009
100000062373_56,24.06.2009
100000062373_57,24.06.2009
100000062373_58,24.06.2009
100000062373_59,24.06.2009
100000062373_60,24.06.2009
100000062373_61,24.06.2009
100000062373_62,24.06.2009
100000062373_63,24.06.2009
100000062373_64,24.06.2009
100000062373_65,24.06.2009
100000062373_66,24.06.2009
100000062374_55,29.06.2009
100000062374_56,29.06.2009
100000062374_57,29.06.2009
100000062374_58,29.06.2009
100000062374_59,29.06.2009
100000062374_60,29.06.2009
100000062374_61,29.06.2009
100000062374_62,29.06.2009
100000062374_63,29.06.2009
100000062374_64,29.06.2009
100000062374_65,29.06.2009
100000062374_66,29.06.2009
100000062375_55,16.06.2009
100000062375_56,16.06.2009
100000062375_57,16.06.2009
100000062375_58,16.06.2009
100000062375_59,16.06.2009
100000062375_60,16.06.2009
100000062375_61,16.06.2009
100000062375_62,16.06.2009
100000062375_63,16.06.2009
100000062375_64,16.06.2009
100000062375_65,16.06.2009
100000062375_66,16.06.2009
100000062376_55,04.11.2009
100000062376_56,04.11.2009
100000062376_57,04.11.2009
100000062376_58,04.11.2009
100000062376_59,04.11.2009
100000062376_60,04.11.2009
100000062376_61,04.11.2009
100000062376_62,04.11.2009
100000062376_63,04.11.2009
100000062376_64,04.11.2009
100000062376_65,04.11.2009
100000062376_66,04.11.2009
100000062377_55,02.11.2009
100000062377_56,02.11.2009
100000062377_57,02.11.2009
100000062377_58,02.11.2009
100000062377_59,02.11.2009
100000062377_60,02.11.2009
100000062377_61,02.11.2009
100000062377_62,02.11.2009
100000062377_63,02.11.2009
100000062377_64,02.11.2009
100000062377_65,02.11.2009
100000062377_66,02.11.2009
100000062378_55,31.10.2009
100000062378_56,31.10.2009
100000062378_57,31.10.2009
100000062378_58,31.10.2009
100000062378_59,31.10.2009
100000062378_60,31.10.2009
100000062378_61,31.10.2009
100000062378_62,31.10.2009
100000062378_63,31.10.2009
100000062378_64,31.10.2009
100000062378_65,31.10.2009
100000062378_66,31.10.2009
100000062379_55,02.10.2009
100000062379_56,02.10.2009
100000062379_57,02.10.2009
100000062379_58,02.10.2009
100000062379_59,02.10.2009
100000062379_60,02.10.2009
100000062379_61,02.10.2009
100000062379_62,02.10.2009
100000062379_63,02.10.2009
100000062379_64,02.10.2009
100000062379_65,02.10.2009
100000062379_66,02.10.2009
100000062380_55,20.05.2011
100000062380_56,20.05.2011
100000062380_57,20.05.2011
100000062380_58,20.05.2011
100000062380_59,20.05.2011
100000062380_60,20.05.2011
100000062380_61,20.05.2011
100000062380_62,20.05.2011
100000062380_63,20.05.2011
100000062380_64,20.05.2011
100000062380_65,20.05.2011
100000062380_66,20.05.2011
100000065606_55,16.12.2010
100000065606_56,16.12.2010
100000065606_57,16.12.2010
100000065606_58,16.12.2010
100000065606_59,16.12.2010
100000065606_60,16.12.2010
100000065606_61,16.12.2010
100000065606_62,16.12.2010
100000065606_63,16.12.2010
100000065606_64,16.12.2010
100000065606_65,16.12.2010
100000065606_66,16.12.2010
100000065607_55,16.12.2010
100000065607_56,16.12.2010
100000065607_57,16.12.2010
100000065607_58,16.12.2010
100000065607_59,16.12.2010
100000065607_60,16.12.2010
100000065607_61,16.12.2010
100000065607_62,16.12.2010
100000065607_63,16.12.2010
100000065607_64,16.12.2010
100000065607_65,16.12.2010
100000065607_66,16.12.2010
100000065608_55,16.12.2010
100000065608_56,16.12.2010
100000065608_57,16.12.2010
100000065608_58,16.12.2010
100000065608_59,16.12.2010
100000065608_60,16.12.2010
100000065608_61,16.12.2010
100000065608_62,16.12.2010
100000065608_63,16.12.2010
100000065608_64,16.12.2010
100000065608_65,16.12.2010
100000065608_66,16.12.2010
100000065609_55,31.12.2010
100000065609_56,31.12.2010
100000065609_57,31.12.2010
100000065609_58,31.12.2010
100000065609_59,31.12.2010
100000065609_60,31.12.2010
100000065609_61,31.12.2010
100000065609_62,31.12.2010
100000065609_63,31.12.2010
100000065609_64,31.12.2010
100000065609_65,31.12.2010
100000065609_66,31.12.2010
100000065611_55,31.12.2010
100000065611_56,31.12.2010
100000065611_57,31.12.2010
100000065611_58,31.12.2010
100000065611_59,31.12.2010
100000065611_60,31.12.2010
100000065611_61,31.12.2010
100000065611_62,31.12.2010
100000065611_63,31.12.2010
100000065611_64,31.12.2010
100000065611_65,31.12.2010
100000065611_66,31.12.2010
100000065967_55,20.05.2011
100000065967_56,20.05.2011
100000065967_57,20.05.2011
100000065967_58,20.05.2011
100000065967_59,20.05.2011
100000065967_60,20.05.2011
100000065967_61,20.05.2011
100000065967_62,20.05.2011
100000065967_63,20.05.2011
100000065967_64,20.05.2011
100000065967_65,20.05.2011
100000065967_66,20.05.2011
100000065612_55,31.01.2011
100000065612_56,31.01.2011
100000065612_57,31.01.2011
100000065612_58,31.01.2011
100000065612_59,31.01.2011
100000065612_60,31.01.2011
100000065612_61,31.01.2011
100000065612_62,31.01.2011
100000065612_63,31.01.2011
100000065612_64,31.01.2011
100000065612_65,31.01.2011
100000065612_66,31.01.2011
100000065613_55,31.01.2011
100000065613_56,31.01.2011
100000065613_57,31.01.2011
100000065613_58,31.01.2011
100000065613_59,31.01.2011
100000065613_60,31.01.2011
100000065613_61,31.01.2011
100000065613_62,31.01.2011
100000065613_63,31.01.2011
100000065613_64,31.01.2011
100000065613_65,31.01.2011
100000065613_66,31.01.2011
100000065614_55,28.02.2011
100000065614_56,28.02.2011
100000065614_57,28.02.2011
100000065614_58,28.02.2011
100000065614_59,28.02.2011
100000065614_60,28.02.2011
100000065614_61,28.02.2011
100000065614_62,28.02.2011
100000065614_63,28.02.2011
100000065614_64,28.02.2011
100000065614_65,28.02.2011
100000065614_66,28.02.2011
100000065615_55,18.02.2011
100000065615_56,18.02.2011
100000065615_57,18.02.2011
100000065615_58,18.02.2011
100000065615_59,18.02.2011
100000065615_60,18.02.2011
100000065615_61,18.02.2011
100000065615_62,18.02.2011
100000065615_63,18.02.2011
100000065615_64,18.02.2011
100000065615_65,18.02.2011
100000065615_66,18.02.2011
100000065616_55,28.02.2011
100000065616_56,28.02.2011
100000065616_57,28.02.2011
100000065616_58,28.02.2011
100000065616_59,28.02.2011
100000065616_60,28.02.2011
100000065616_61,28.02.2011
100000065616_62,28.02.2011
100000065616_63,28.02.2011
100000065616_64,28.02.2011
100000065616_65,28.02.2011
100000065616_66,28.02.2011
100000065617_55,28.02.2011
100000065617_56,28.02.2011
100000065617_57,28.02.2011
100000065617_58,28.02.2011
100000065617_59,28.02.2011
100000065617_60,28.02.2011
100000065617_61,28.02.2011
100000065617_62,28.02.2011
100000065617_63,28.02.2011
100000065617_64,28.02.2011
100000065617_65,28.02.2011
100000065617_66,28.02.2011
100000065618_55,31.03.2011
100000065618_56,31.03.2011
100000065618_57,31.03.2011
100000065618_58,31.03.2011
100000065618_59,31.03.2011
100000065618_60,31.03.2011
100000065618_61,31.03.2011
100000065618_62,31.03.2011
100000065618_63,31.03.2011
100000065618_64,31.03.2011
100000065618_65,31.03.2011
100000065618_66,31.03.2011
100000065619_55,31.03.2011
100000065619_56,31.03.2011
100000065619_57,31.03.2011
100000065619_58,31.03.2011
100000065619_59,31.03.2011
100000065619_60,31.03.2011
100000065619_61,31.03.2011
100000065619_62,31.03.2011
100000065619_63,31.03.2011
100000065619_64,31.03.2011
100000065619_65,31.03.2011
100000065619_66,31.03.2011
100000065620_55,30.04.2011
100000065620_56,30.04.2011
100000065620_57,30.04.2011
100000065620_58,30.04.2011
100000065620_59,30.04.2011
100000065620_60,30.04.2011
100000065620_61,30.04.2011
100000065620_62,30.04.2011
100000065620_63,30.04.2011
100000065620_64,30.04.2011
100000065620_65,30.04.2011
100000065620_66,30.04.2011
100000065968_55,30.04.2011
100000065968_56,30.04.2011
100000065968_57,30.04.2011
100000065968_58,30.04.2011
100000065968_59,30.04.2011
100000065968_60,30.04.2011
100000065968_61,30.04.2011
100000065968_62,30.04.2011
100000065968_63,30.04.2011
100000065968_64,30.04.2011
100000065968_65,30.04.2011
100000065968_66,30.04.2011
100000065969_55,30.04.2011
100000065969_56,30.04.2011
100000065969_57,30.04.2011
100000065969_58,30.04.2011
100000065969_59,30.04.2011
100000065969_60,30.04.2011
100000065969_61,30.04.2011
100000065969_62,30.04.2011
100000065969_63,30.04.2011
100000065969_64,30.04.2011
100000065969_65,30.04.2011
100000065969_66,30.04.2011
100000065970_55,30.04.2011
100000065970_56,30.04.2011
100000065970_57,30.04.2011
100000065970_58,30.04.2011
100000065970_59,30.04.2011
100000065970_60,30.04.2011
100000065970_61,30.04.2011
100000065970_62,30.04.2011
100000065970_63,30.04.2011
100000065970_64,30.04.2011
100000065970_65,30.04.2011
100000065970_66,30.04.2011
100000065971_55,30.04.2011
100000065971_56,30.04.2011
100000065971_57,30.04.2011
100000065971_58,30.04.2011
100000065971_59,30.04.2011
100000065971_60,30.04.2011
100000065971_61,30.04.2011
100000065971_62,30.04.2011
100000065971_63,30.04.2011
100000065971_64,30.04.2011
100000065971_65,30.04.2011
100000065971_66,30.04.2011
100000065972_55,30.04.2011
100000065972_56,30.04.2011
100000065972_57,30.04.2011
100000065972_58,30.04.2011
100000065972_59,30.04.2011
100000065972_60,30.04.2011
100000065972_61,30.04.2011
100000065972_62,30.04.2011
100000065972_63,30.04.2011
100000065972_64,30.04.2011
100000065972_65,30.04.2011
100000065972_66,30.04.2011
100000065973_55,30.04.2011
100000065973_56,30.04.2011
100000065973_57,30.04.2011
100000065973_58,30.04.2011
100000065973_59,30.04.2011
100000065973_60,30.04.2011
100000065973_61,30.04.2011
100000065973_62,30.04.2011
100000065973_63,30.04.2011
100000065973_64,30.04.2011
100000065973_65,30.04.2011
100000065973_66,30.04.2011
100000065974_55,30.04.2011
100000065974_56,30.04.2011
100000065974_57,30.04.2011
100000065974_58,30.04.2011
100000065974_59,30.04.2011
100000065974_60,30.04.2011
100000065974_61,30.04.2011
100000065974_62,30.04.2011
100000065974_63,30.04.2011
100000065974_64,30.04.2011
100000065974_65,30.04.2011
100000065974_66,30.04.2011
100000065975_55,26.05.2011
100000065975_56,26.05.2011
100000065975_57,26.05.2011
100000065975_58,26.05.2011
100000065975_59,26.05.2011
100000065975_60,26.05.2011
100000065975_61,26.05.2011
100000065975_62,26.05.2011
100000065975_63,26.05.2011
100000065975_64,26.05.2011
100000065975_65,26.05.2011
100000065975_66,26.05.2011
100000065622_55,20.05.2011
100000065622_56,20.05.2011
100000065622_57,20.05.2011
100000065622_58,20.05.2011
100000065622_59,20.05.2011
100000065622_60,20.05.2011
100000065622_61,20.05.2011
100000065622_62,20.05.2011
100000065622_63,20.05.2011
100000065622_64,20.05.2011
100000065622_65,20.05.2011
100000065622_66,20.05.2011
100000065976_55,31.07.2011
100000065976_56,31.07.2011
100000065976_57,31.07.2011
100000065976_58,31.07.2011
100000065976_59,31.07.2011
100000065976_60,31.07.2011
100000065976_61,31.07.2011
100000065976_62,31.07.2011
100000065976_63,31.07.2011
100000065976_64,31.07.2011
100000065976_65,31.07.2011
100000065976_66,31.07.2011
100000062381_55,31.07.2011
100000062381_56,31.07.2011
100000062381_57,31.07.2011
100000062381_58,31.07.2011
100000062381_59,31.07.2011
100000062381_60,31.07.2011
100000062381_61,31.07.2011
100000062381_62,31.07.2011
100000062381_63,31.07.2011
100000062381_64,31.07.2011
100000062381_65,31.07.2011
100000062381_66,31.07.2011
100000062382_55,31.07.2011
100000062382_56,31.07.2011
100000062382_57,31.07.2011
100000062382_58,31.07.2011
100000062382_59,31.07.2011
100000062382_60,31.07.2011
100000062382_61,31.07.2011
100000062382_62,31.07.2011
100000062382_63,31.07.2011
100000062382_64,31.07.2011
100000062382_65,31.07.2011
100000062382_66,31.07.2011
100000062383_55,31.07.2011
100000062383_56,31.07.2011
100000062383_57,31.07.2011
100000062383_58,31.07.2011
100000062383_59,31.07.2011
100000062383_60,31.07.2011
100000062383_61,31.07.2011
100000062383_62,31.07.2011
100000062383_63,31.07.2011
100000062383_64,31.07.2011
100000062383_65,31.07.2011
100000062383_66,31.07.2011
100000062384_55,22.08.2011
100000062384_56,22.08.2011
100000062384_57,22.08.2011
100000062384_58,22.08.2011
100000062384_59,22.08.2011
100000062384_60,22.08.2011
100000062384_61,22.08.2011
100000062384_62,22.08.2011
100000062384_63,22.08.2011
100000062384_64,22.08.2011
100000062384_65,22.08.2011
100000062384_66,22.08.2011
100000062385_55,19.06.2014
100000062385_56,19.06.2014
100000062385_57,19.06.2014
100000062385_58,19.06.2014
100000062385_59,19.06.2014
100000062385_60,19.06.2014
100000062385_61,19.06.2014
100000062385_62,19.06.2014
100000062385_63,19.06.2014
100000062385_64,19.06.2014
100000062385_65,19.06.2014
100000062385_66,19.06.2014
100000062386_55,19.06.2014
100000062386_56,19.06.2014
100000062386_57,19.06.2014
100000062386_58,19.06.2014
100000062386_59,19.06.2014
100000062386_60,19.06.2014
100000062386_61,19.06.2014
100000062386_62,19.06.2014
100000062386_63,19.06.2014
100000062386_64,19.06.2014
100000062386_65,19.06.2014
100000062386_66,19.06.2014
100000062387_55,19.06.2014
100000062387_56,19.06.2014
100000062387_57,19.06.2014
100000062387_58,19.06.2014
100000062387_59,19.06.2014
100000062387_60,19.06.2014
100000062387_61,19.06.2014
100000062387_62,19.06.2014
100000062387_63,19.06.2014
100000062387_64,19.06.2014
100000062387_65,19.06.2014
100000062387_66,19.06.2014
100000062388_55,19.06.2014
100000062388_56,19.06.2014
100000062388_57,19.06.2014
100000062388_58,19.06.2014
100000062388_59,19.06.2014
100000062388_60,19.06.2014
100000062388_61,19.06.2014
100000062388_62,19.06.2014
100000062388_63,19.06.2014
100000062388_64,19.06.2014
100000062388_65,19.06.2014
100000062388_66,19.06.2014
100000062389_55,19.06.2014
100000062389_56,19.06.2014
100000062389_57,19.06.2014
100000062389_58,19.06.2014
100000062389_59,19.06.2014
100000062389_60,19.06.2014
100000062389_61,19.06.2014
100000062389_62,19.06.2014
100000062389_63,19.06.2014
100000062389_64,19.06.2014
100000062389_65,19.06.2014
100000062389_66,19.06.2014
100000062390_55,31.07.2013
100000062390_56,31.07.2013
100000062390_57,31.07.2013
100000062390_58,31.07.2013
100000062390_59,31.07.2013
100000062390_60,31.07.2013
100000062390_61,31.07.2013
100000062390_62,31.07.2013
100000062390_63,31.07.2013
100000062390_64,31.07.2013
100000062390_65,31.07.2013
100000062390_66,31.07.2013
100000062391_55,31.07.2013
100000062391_56,31.07.2013
100000062391_57,31.07.2013
100000062391_58,31.07.2013
100000062391_59,31.07.2013
100000062391_60,31.07.2013
100000062391_61,31.07.2013
100000062391_62,31.07.2013
100000062391_63,31.07.2013
100000062391_64,31.07.2013
100000062391_65,31.07.2013
100000062391_66,31.07.2013
100000062392_55,31.07.2013
100000062392_56,31.07.2013
100000062392_57,31.07.2013
100000062392_58,31.07.2013
100000062392_59,31.07.2013
100000062392_60,31.07.2013
100000062392_61,31.07.2013
100000062392_62,31.07.2013
100000062392_63,31.07.2013
100000062392_64,31.07.2013
100000062392_65,31.07.2013
100000062392_66,31.07.2013
100000062393_55,31.07.2013
100000062393_56,31.07.2013
100000062393_57,31.07.2013
100000062393_58,31.07.2013
100000062393_59,31.07.2013
100000062393_60,31.07.2013
100000062393_61,31.07.2013
100000062393_62,31.07.2013
100000062393_63,31.07.2013
100000062393_64,31.07.2013
100000062393_65,31.07.2013
100000062393_66,31.07.2013
100000062394_55,31.07.2013
100000062394_56,31.07.2013
100000062394_57,31.07.2013
100000062394_58,31.07.2013
100000062394_59,31.07.2013
100000062394_60,31.07.2013
100000062394_61,31.07.2013
100000062394_62,31.07.2013
100000062394_63,31.07.2013
100000062394_64,31.07.2013
100000062394_65,31.07.2013
100000062394_66,31.07.2013
100000062395_55,31.12.2013
100000062395_56,31.12.2013
100000062395_57,31.12.2013
100000062395_58,31.12.2013
100000062395_59,31.12.2013
100000062395_60,31.12.2013
100000062395_61,31.12.2013
100000062395_62,31.12.2013
100000062395_63,31.12.2013
100000062395_64,31.12.2013
100000062395_65,31.12.2013
100000062395_66,31.12.2013
100000062396_55,13.12.2013
100000062396_56,13.12.2013
100000062396_57,13.12.2013
100000062396_58,13.12.2013
100000062396_59,13.12.2013
100000062396_60,13.12.2013
100000062396_61,13.12.2013
100000062396_62,13.12.2013
100000062396_63,13.12.2013
100000062396_64,13.12.2013
100000062396_65,13.12.2013
100000062396_66,13.12.2013
100000062397_55,31.12.2013
100000062397_56,31.12.2013
100000062397_57,31.12.2013
100000062397_58,31.12.2013
100000062397_59,31.12.2013
100000062397_60,31.12.2013
100000062397_61,31.12.2013
100000062397_62,31.12.2013
100000062397_63,31.12.2013
100000062397_64,31.12.2013
100000062397_65,31.12.2013
100000062397_66,31.12.2013
100000062398_55,13.12.2013
100000062398_56,13.12.2013
100000062398_57,13.12.2013
100000062398_58,13.12.2013
100000062398_59,13.12.2013
100000062398_60,13.12.2013
100000062398_61,13.12.2013
100000062398_62,13.12.2013
100000062398_63,13.12.2013
100000062398_64,13.12.2013
100000062398_65,13.12.2013
100000062398_66,13.12.2013
100000062399_55,13.12.2013
100000062399_56,13.12.2013
100000062399_57,13.12.2013
100000062399_58,13.12.2013
100000062399_59,13.12.2013
100000062399_60,13.12.2013
100000062399_61,13.12.2013
100000062399_62,13.12.2013
100000062399_63,13.12.2013
100000062399_64,13.12.2013
100000062399_65,13.12.2013
100000062399_66,13.12.2013
100000065623_55,13.12.2013
100000065623_56,13.12.2013
100000065623_57,13.12.2013
100000065623_58,13.12.2013
100000065623_59,13.12.2013
100000065623_60,13.12.2013
100000065623_61,13.12.2013
100000065623_62,13.12.2013
100000065623_63,13.12.2013
100000065623_64,13.12.2013
100000065623_65,13.12.2013
100000065623_66,13.12.2013
100000065624_55,13.12.2013
100000065624_56,13.12.2013
100000065624_57,13.12.2013
100000065624_58,13.12.2013
100000065624_59,13.12.2013
100000065624_60,13.12.2013
100000065624_61,13.12.2013
100000065624_62,13.12.2013
100000065624_63,13.12.2013
100000065624_64,13.12.2013
100000065624_65,13.12.2013
100000065624_66,13.12.2013
100000065625_55,31.12.2013
100000065625_56,31.12.2013
100000065625_57,31.12.2013
100000065625_58,31.12.2013
100000065625_59,31.12.2013
100000065625_60,31.12.2013
100000065625_61,31.12.2013
100000065625_62,31.12.2013
100000065625_63,31.12.2013
100000065625_64,31.12.2013
100000065625_65,31.12.2013
100000065625_66,31.12.2013
100000065626_55,13.12.2013
100000065626_56,13.12.2013
100000065626_57,13.12.2013
100000065626_58,13.12.2013
100000065626_59,13.12.2013
100000065626_60,13.12.2013
100000065626_61,13.12.2013
100000065626_62,13.12.2013
100000065626_63,13.12.2013
100000065626_64,13.12.2013
100000065626_65,13.12.2013
100000065626_66,13.12.2013
100000065627_55,31.12.2013
100000065627_56,31.12.2013
100000065627_57,31.12.2013
100000065627_58,31.12.2013
100000065627_59,31.12.2013
100000065627_60,31.12.2013
100000065627_61,31.12.2013
100000065627_62,31.12.2013
100000065627_63,31.12.2013
100000065627_64,31.12.2013
100000065627_65,31.12.2013
100000065627_66,31.12.2013
100000065628_55,28.02.2014
100000065628_56,28.02.2014
100000065628_57,28.02.2014
100000065628_58,28.02.2014
100000065628_59,28.02.2014
100000065628_60,28.02.2014
100000065628_61,28.02.2014
100000065628_62,28.02.2014
100000065628_63,28.02.2014
100000065628_64,28.02.2014
100000065628_65,28.02.2014
100000065628_66,28.02.2014
100000065629_55,03.07.2021
100000065629_56,03.07.2021
100000065629_57,03.07.2021
100000065629_58,03.07.2021
100000065629_59,03.07.2021
100000065629_60,03.07.2021
100000065629_61,03.07.2021
100000065629_62,03.07.2021
100000065629_63,03.07.2021
100000065629_64,03.07.2021
100000065629_65,03.07.2021
100000065629_66,03.07.2021
100000065630_55,28.02.2014
100000065630_56,28.02.2014
100000065630_57,28.02.2014
100000065630_58,28.02.2014
100000065630_59,28.02.2014
100000065630_60,28.02.2014
100000065630_61,28.02.2014
100000065630_62,28.02.2014
100000065630_63,28.02.2014
100000065630_64,28.02.2014
100000065630_65,28.02.2014
100000065630_66,28.02.2014
100000065631_55,28.02.2014
100000065631_56,28.02.2014
100000065631_57,28.02.2014
100000065631_58,28.02.2014
100000065631_59,28.02.2014
100000065631_60,28.02.2014
100000065631_61,28.02.2014
100000065631_62,28.02.2014
100000065631_63,28.02.2014
100000065631_64,28.02.2014
100000065631_65,28.02.2014
100000065631_66,28.02.2014
100000065632_55,28.02.2014
100000065632_56,28.02.2014
100000065632_57,28.02.2014
100000065632_58,28.02.2014
100000065632_59,28.02.2014
100000065632_60,28.02.2014
100000065632_61,28.02.2014
100000065632_62,28.02.2014
100000065632_63,28.02.2014
100000065632_64,28.02.2014
100000065632_65,28.02.2014
100000065632_66,28.02.2014
100000065633_55,06.03.2014
100000065633_56,06.03.2014
100000065633_57,06.03.2014
100000065633_58,06.03.2014
100000065633_59,06.03.2014
100000065633_60,06.03.2014
100000065633_61,06.03.2014
100000065633_62,06.03.2014
100000065633_63,06.03.2014
100000065633_64,06.03.2014
100000065633_65,06.03.2014
100000065633_66,06.03.2014
100000065634_55,06.03.2014
100000065634_56,06.03.2014
100000065634_57,06.03.2014
100000065634_58,06.03.2014
100000065634_59,06.03.2014
100000065634_60,06.03.2014
100000065634_61,06.03.2014
100000065634_62,06.03.2014
100000065634_63,06.03.2014
100000065634_64,06.03.2014
100000065634_65,06.03.2014
100000065634_66,06.03.2014
100000065635_55,06.03.2014
100000065635_56,06.03.2014
100000065635_57,06.03.2014
100000065635_58,06.03.2014
100000065635_59,06.03.2014
100000065635_60,06.03.2014
100000065635_61,06.03.2014
100000065635_62,06.03.2014
100000065635_63,06.03.2014
100000065635_64,06.03.2014
100000065635_65,06.03.2014
100000065635_66,06.03.2014
100000065636_55,06.03.2014
100000065636_56,06.03.2014
100000065636_57,06.03.2014
100000065636_58,06.03.2014
100000065636_59,06.03.2014
100000065636_60,06.03.2014
100000065636_61,06.03.2014
100000065636_62,06.03.2014
100000065636_63,06.03.2014
100000065636_64,06.03.2014
100000065636_65,06.03.2014
100000065636_66,06.03.2014
100000065637_55,05.07.2012
100000065637_56,05.07.2012
100000065637_57,05.07.2012
100000065637_58,05.07.2012
100000065637_59,05.07.2012
100000065637_60,05.07.2012
100000065637_61,05.07.2012
100000065637_62,05.07.2012
100000065637_63,05.07.2012
100000065637_64,05.07.2012
100000065637_65,05.07.2012
100000065637_66,05.07.2012
100000065638_55,05.07.2012
100000065638_56,05.07.2012
100000065638_57,05.07.2012
100000065638_58,05.07.2012
100000065638_59,05.07.2012
100000065638_60,05.07.2012
100000065638_61,05.07.2012
100000065638_62,05.07.2012
100000065638_63,05.07.2012
100000065638_64,05.07.2012
100000065638_65,05.07.2012
100000065638_66,05.07.2012
100000065639_55,05.07.2012
100000065639_56,05.07.2012
100000065639_57,05.07.2012
100000065639_58,05.07.2012
100000065639_59,05.07.2012
100000065639_60,05.07.2012
100000065639_61,05.07.2012
100000065639_62,05.07.2012
100000065639_63,05.07.2012
100000065639_64,05.07.2012
100000065639_65,05.07.2012
100000065639_66,05.07.2012
100000065640_55,05.07.2012
100000065640_56,05.07.2012
100000065640_57,05.07.2012
100000065640_58,05.07.2012
100000065640_59,05.07.2012
100000065640_60,05.07.2012
100000065640_61,05.07.2012
100000065640_62,05.07.2012
100000065640_63,05.07.2012
100000065640_64,05.07.2012
100000065640_65,05.07.2012
100000065640_66,05.07.2012
100000065641_55,30.09.2012
100000065641_56,30.09.2012
100000065641_57,30.09.2012
100000065641_58,30.09.2012
100000065641_59,30.09.2012
100000065641_60,30.09.2012
100000065641_61,30.09.2012
100000065641_62,30.09.2012
100000065641_63,30.09.2012
100000065641_64,30.09.2012
100000065641_65,30.09.2012
100000065641_66,30.09.2012
100000065643_55,30.09.2012
100000065643_56,30.09.2012
100000065643_57,30.09.2012
100000065643_58,30.09.2012
100000065643_59,30.09.2012
100000065643_60,30.09.2012
100000065643_61,30.09.2012
100000065643_62,30.09.2012
100000065643_63,30.09.2012
100000065643_64,30.09.2012
100000065643_65,30.09.2012
100000065643_66,30.09.2012
100000065977_55,10.08.2016
100000065977_56,10.08.2016
100000065977_57,10.08.2016
100000065977_58,10.08.2016
100000065977_59,10.08.2016
100000065977_60,10.08.2016
100000065977_61,10.08.2016
100000065977_62,10.08.2016
100000065977_63,10.08.2016
100000065977_64,10.08.2016
100000065977_65,10.08.2016
100000065977_66,10.08.2016
100000065978_55,10.08.2016
100000065978_56,10.08.2016
100000065978_57,10.08.2016
100000065978_58,10.08.2016
100000065978_59,10.08.2016
100000065978_60,10.08.2016
100000065978_61,10.08.2016
100000065978_62,10.08.2016
100000065978_63,10.08.2016
100000065978_64,10.08.2016
100000065978_65,10.08.2016
100000065978_66,10.08.2016
100000065979_55,10.08.2016
100000065979_56,10.08.2016
100000065979_57,10.08.2016
100000065979_58,10.08.2016
100000065979_59,10.08.2016
100000065979_60,10.08.2016
100000065979_61,10.08.2016
100000065979_62,10.08.2016
100000065979_63,10.08.2016
100000065979_64,10.08.2016
100000065979_65,10.08.2016
100000065979_66,10.08.2016
100000065980_55,10.08.2016
100000065980_56,10.08.2016
100000065980_57,10.08.2016
100000065980_58,10.08.2016
100000065980_59,10.08.2016
100000065980_60,10.08.2016
100000065980_61,10.08.2016
100000065980_62,10.08.2016
100000065980_63,10.08.2016
100000065980_64,10.08.2016
100000065980_65,10.08.2016
100000065980_66,10.08.2016
100000065981_55,10.08.2016
100000065981_56,10.08.2016
100000065981_57,10.08.2016
100000065981_58,10.08.2016
100000065981_59,10.08.2016
100000065981_60,10.08.2016
100000065981_61,10.08.2016
100000065981_62,10.08.2016
100000065981_63,10.08.2016
100000065981_64,10.08.2016
100000065981_65,10.08.2016
100000065981_66,10.08.2016
100000008673_55,12.12.2017
100000008673_56,12.12.2017
100000008673_57,12.12.2017
100000008673_58,12.12.2017
100000008673_59,12.12.2017
100000008673_60,12.12.2017
100000008673_61,12.12.2017
100000008673_62,12.12.2017
100000008673_63,12.12.2017
100000008673_64,12.12.2017
100000008673_65,12.12.2017
100000008673_66,12.12.2017
100000008674_55,12.12.2017
100000008674_56,12.12.2017
100000008674_57,12.12.2017
100000008674_58,12.12.2017
100000008674_59,12.12.2017
100000008674_60,12.12.2017
100000008674_61,12.12.2017
100000008674_62,12.12.2017
100000008674_63,12.12.2017
100000008674_64,12.12.2017
100000008674_65,12.12.2017
100000008674_66,12.12.2017
100000084384_1,01.08.2012
100000084384_2,01.08.2012
100000084384_3,01.08.2012
100000084384_4,01.08.2012
100000084384_5,01.08.2012
100000084384_6,01.08.2012
100000084384_7,01.08.2012
100000084384_8,01.08.2012
100000084384_9,01.08.2012
100000084384_10,01.08.2012
100000084384_11,01.08.2012
100000084384_12,01.08.2012
100000084384_13,01.08.2012
100000084384_14,01.08.2012
100000084384_15,01.08.2012
100000084384_16,01.08.2012
100000084385_1,01.08.2012
100000084385_2,01.08.2012
100000084385_3,01.08.2012
100000084385_4,01.08.2012
100000084385_5,01.08.2012
100000084385_6,01.08.2012
100000084385_7,01.08.2012
100000084385_8,01.08.2012
100000084385_9,01.08.2012
100000084385_10,01.08.2012
100000084385_11,01.08.2012
100000084385_12,01.08.2012
100000084385_13,01.08.2012
100000084385_14,01.08.2012
100000084385_15,01.08.2012
100000084385_16,01.08.2012
100000084386_1,01.08.2012
100000084386_2,01.08.2012
100000084386_3,01.08.2012
100000084386_4,01.08.2012
100000084386_5,01.08.2012
100000084386_6,01.08.2012
100000084386_7,01.08.2012
100000084386_8,01.08.2012
100000084386_9,01.08.2012
100000084386_10,01.08.2012
100000084386_11,01.08.2012
100000084386_12,01.08.2012
100000084386_13,01.08.2012
100000084386_14,01.08.2012
100000084386_15,01.08.2012
100000084386_16,01.08.2012
100000084387_1,01.08.2012
100000084387_2,01.08.2012
100000084387_3,01.08.2012
100000084387_4,01.08.2012
100000084387_5,01.08.2012
100000084387_6,01.08.2012
100000084387_7,01.08.2012
100000084387_8,01.08.2012
100000084387_9,01.08.2012
100000084387_10,01.08.2012
100000084387_11,01.08.2012
100000084387_12,01.08.2012
100000084387_13,01.08.2012
100000084387_14,01.08.2012
100000084387_15,01.08.2012
100000084387_16,01.08.2012
100000084388_1,31.03.2013
100000084388_2,31.03.2013
100000084388_3,31.03.2013
100000084388_4,31.03.2013
100000084388_5,31.03.2013
100000084388_6,31.03.2013
100000084388_7,31.03.2013
100000084388_8,31.03.2013
100000084388_9,31.03.2013
100000084388_10,31.03.2013
100000084388_11,31.03.2013
100000084388_12,31.03.2013
100000084388_13,31.03.2013
100000084388_14,31.03.2013
100000084388_15,31.03.2013
100000084388_16,31.03.2013
100000084389_1,31.03.2013
100000084389_2,31.03.2013
100000084389_3,31.03.2013
100000084389_4,31.03.2013
100000084389_5,31.03.2013
100000084389_6,31.03.2013
100000084389_7,31.03.2013
100000084389_8,31.03.2013
100000084389_9,31.03.2013
100000084389_10,31.03.2013
100000084389_11,31.03.2013
100000084389_12,31.03.2013
100000084389_13,31.03.2013
100000084389_14,31.03.2013
100000084389_15,31.03.2013
100000084389_16,31.03.2013
100000084390_1,30.04.2013
100000084390_2,30.04.2013
100000084390_3,30.04.2013
100000084390_4,30.04.2013
100000084390_5,30.04.2013
100000084390_6,30.04.2013
100000084390_7,30.04.2013
100000084390_8,30.04.2013
100000084390_9,30.04.2013
100000084390_10,30.04.2013
100000084390_11,30.04.2013
100000084390_12,30.04.2013
100000084390_13,30.04.2013
100000084390_14,30.04.2013
100000084390_15,30.04.2013
100000084390_16,30.04.2013
100000084391_1,30.04.2013
100000084391_2,30.04.2013
100000084391_3,30.04.2013
100000084391_4,30.04.2013
100000084391_5,30.04.2013
100000084391_6,30.04.2013
100000084391_7,30.04.2013
100000084391_8,30.04.2013
100000084391_9,30.04.2013
100000084391_10,30.04.2013
100000084391_11,30.04.2013
100000084391_12,30.04.2013
100000084391_13,30.04.2013
100000084391_14,30.04.2013
100000084391_15,30.04.2013
100000084391_16,30.04.2013
100000084392_1,30.06.2013
100000084392_2,30.06.2013
100000084392_3,30.06.2013
100000084392_4,30.06.2013
100000084392_5,30.06.2013
100000084392_6,30.06.2013
100000084392_7,30.06.2013
100000084392_8,30.06.2013
100000084392_9,30.06.2013
100000084392_10,30.06.2013
100000084392_11,30.06.2013
100000084392_12,30.06.2013
100000084392_13,30.06.2013
100000084392_14,30.06.2013
100000084392_15,30.06.2013
100000084392_16,30.06.2013
100000084393_1,30.06.2013
100000084393_2,30.06.2013
100000084393_3,30.06.2013
100000084393_4,30.06.2013
100000084393_5,30.06.2013
100000084393_6,30.06.2013
100000084393_7,30.06.2013
100000084393_8,30.06.2013
100000084393_9,30.06.2013
100000084393_10,30.06.2013
100000084393_11,30.06.2013
100000084393_12,30.06.2013
100000084393_13,30.06.2013
100000084393_14,30.06.2013
100000084393_15,30.06.2013
100000084393_16,30.06.2013
100000084394_1,31.07.2013
100000084394_2,31.07.2013
100000084394_3,31.07.2013
100000084394_4,31.07.2013
100000084394_5,31.07.2013
100000084394_6,31.07.2013
100000084394_7,31.07.2013
100000084394_8,31.07.2013
100000084394_9,31.07.2013
100000084394_10,31.07.2013
100000084394_11,31.07.2013
100000084394_12,31.07.2013
100000084394_13,31.07.2013
100000084394_14,31.07.2013
100000084394_15,31.07.2013
100000084394_16,31.07.2013
100000084395_1,31.08.2013
100000084395_2,31.08.2013
100000084395_3,31.08.2013
100000084395_4,31.08.2013
100000084395_5,31.08.2013
100000084395_6,31.08.2013
100000084395_7,31.08.2013
100000084395_8,31.08.2013
100000084395_9,31.08.2013
100000084395_10,31.08.2013
100000084395_11,31.08.2013
100000084395_12,31.08.2013
100000084395_13,31.08.2013
100000084395_14,31.08.2013
100000084395_15,31.08.2013
100000084395_16,31.08.2013
100000084396_17,16.03.2018
100000084396_18,16.03.2018
100000084396_19,16.03.2018
100000084396_20,16.03.2018
100000084396_21,16.03.2018
100000084396_22,16.03.2018
100000084396_23,16.03.2018
100000084396_24,16.03.2018
100000084396_25,16.03.2018
100000084396_26,16.03.2018
100000084396_27,16.03.2018
100000084396_28,16.03.2018
100000084396_29,16.03.2018
100000084396_30,16.03.2018
100000084396_31,16.03.2018
100000084396_32,16.03.2018
100000084396_33,16.03.2018
100000084396_34,16.03.2018
100000084396_35,16.03.2018
100000084397_17,16.03.2018
100000084397_18,16.03.2018
100000084397_19,16.03.2018
100000084397_20,16.03.2018
100000084397_21,16.03.2018
100000084397_22,16.03.2018
100000084397_23,16.03.2018
100000084397_24,16.03.2018
100000084397_25,16.03.2018
100000084397_26,16.03.2018
100000084397_27,16.03.2018
100000084397_28,16.03.2018
100000084397_29,16.03.2018
100000084397_30,16.03.2018
100000084397_31,16.03.2018
100000084397_32,16.03.2018
100000084397_33,16.03.2018
100000084397_34,16.03.2018
100000084397_35,16.03.2018
100000084398_17,23.04.2018
100000084398_18,23.04.2018
100000084398_19,23.04.2018
100000084398_20,23.04.2018
100000084398_21,23.04.2018
100000084398_22,23.04.2018
100000084398_23,23.04.2018
100000084398_24,23.04.2018
100000084398_25,23.04.2018
100000084398_26,23.04.2018
100000084398_27,23.04.2018
100000084398_28,23.04.2018
100000084398_29,23.04.2018
100000084398_30,23.04.2018
100000084398_31,23.04.2018
100000084398_32,23.04.2018
100000084398_33,23.04.2018
100000084398_34,23.04.2018
100000084398_35,23.04.2018
100000084399_17,23.04.2018
100000084399_18,23.04.2018
100000084399_19,23.04.2018
100000084399_20,23.04.2018
100000084399_21,23.04.2018
100000084399_22,23.04.2018
100000084399_23,23.04.2018
100000084399_24,23.04.2018
100000084399_25,23.04.2018
100000084399_26,23.04.2018
100000084399_27,23.04.2018
100000084399_28,23.04.2018
100000084399_29,23.04.2018
100000084399_30,23.04.2018
100000084399_31,23.04.2018
100000084399_32,23.04.2018
100000084399_33,23.04.2018
100000084399_34,23.04.2018
100000084399_35,23.04.2018
100000084402_17,30.05.2018
100000084402_18,30.05.2018
100000084402_19,30.05.2018
100000084402_20,30.05.2018
100000084402_21,30.05.2018
100000084402_22,30.05.2018
100000084402_23,30.05.2018
100000084402_24,30.05.2018
100000084402_25,30.05.2018
100000084402_26,30.05.2018
100000084402_27,30.05.2018
100000084402_28,30.05.2018
100000084402_29,30.05.2018
100000084402_30,30.05.2018
100000084402_31,30.05.2018
100000084402_32,30.05.2018
100000084402_33,30.05.2018
100000084402_34,30.05.2018
100000084402_35,30.05.2018
100000084403_17,30.05.2018
100000084403_18,30.05.2018
100000084403_19,30.05.2018
100000084403_20,30.05.2018
100000084403_21,30.05.2018
100000084403_22,30.05.2018
100000084403_23,30.05.2018
100000084403_24,30.05.2018
100000084403_25,30.05.2018
100000084403_26,30.05.2018
100000084403_27,30.05.2018
100000084403_28,30.05.2018
100000084403_29,30.05.2018
100000084403_30,30.05.2018
100000084403_31,30.05.2018
100000084403_32,30.05.2018
100000084403_33,30.05.2018
100000084403_34,30.05.2018
100000084403_35,30.05.2018
100000084400_17,23.04.2018
100000084400_18,23.04.2018
100000084400_19,23.04.2018
100000084400_20,23.04.2018
100000084400_21,23.04.2018
100000084400_22,23.04.2018
100000084400_23,23.04.2018
100000084400_24,23.04.2018
100000084400_25,23.04.2018
100000084400_26,23.04.2018
100000084400_27,23.04.2018
100000084400_28,23.04.2018
100000084400_29,23.04.2018
100000084400_30,23.04.2018
100000084400_31,23.04.2018
100000084400_32,23.04.2018
100000084400_33,23.04.2018
100000084400_34,23.04.2018
100000084400_35,23.04.2018
100000084401_17,23.04.2018
100000084401_18,23.04.2018
100000084401_19,23.04.2018
100000084401_20,23.04.2018
100000084401_21,23.04.2018
100000084401_22,23.04.2018
100000084401_23,23.04.2018
100000084401_24,23.04.2018
100000084401_25,23.04.2018
100000084401_26,23.04.2018
100000084401_27,23.04.2018
100000084401_28,23.04.2018
100000084401_29,23.04.2018
100000084401_30,23.04.2018
100000084401_31,23.04.2018
100000084401_32,23.04.2018
100000084401_33,23.04.2018
100000084401_34,23.04.2018
100000084401_35,23.04.2018
100000084404_17,30.05.2018
100000084404_18,30.05.2018
100000084404_19,30.05.2018
100000084404_20,30.05.2018
100000084404_21,30.05.2018
100000084404_22,30.05.2018
100000084404_23,30.05.2018
100000084404_24,30.05.2018
100000084404_25,30.05.2018
100000084404_26,30.05.2018
100000084404_27,30.05.2018
100000084404_28,30.05.2018
100000084404_29,30.05.2018
100000084404_30,30.05.2018
100000084404_31,30.05.2018
100000084404_32,30.05.2018
100000084404_33,30.05.2018
100000084404_34,30.05.2018
100000084404_35,30.05.2018
100000084405_17,30.05.2018
100000084405_18,30.05.2018
100000084405_19,30.05.2018
100000084405_20,30.05.2018
100000084405_21,30.05.2018
100000084405_22,30.05.2018
100000084405_23,30.05.2018
100000084405_24,30.05.2018
100000084405_25,30.05.2018
100000084405_26,30.05.2018
100000084405_27,30.05.2018
100000084405_28,30.05.2018
100000084405_29,30.05.2018
100000084405_30,30.05.2018
100000084405_31,30.05.2018
100000084405_32,30.05.2018
100000084405_33,30.05.2018
100000084405_34,30.05.2018
100000084405_35,30.05.2018
100000084406_17,30.06.2018
100000084406_18,30.06.2018
100000084406_19,30.06.2018
100000084406_20,30.06.2018
100000084406_21,30.06.2018
100000084406_22,30.06.2018
100000084406_23,30.06.2018
100000084406_24,30.06.2018
100000084406_25,30.06.2018
100000084406_26,30.06.2018
100000084406_27,30.06.2018
100000084406_28,30.06.2018
100000084406_29,30.06.2018
100000084406_30,30.06.2018
100000084406_31,30.06.2018
100000084406_32,30.06.2018
100000084406_33,30.06.2018
100000084406_34,30.06.2018
100000084406_35,30.06.2018
100000084407_17,30.06.2018
100000084407_18,30.06.2018
100000084407_19,30.06.2018
100000084407_20,30.06.2018
100000084407_21,30.06.2018
100000084407_22,30.06.2018
100000084407_23,30.06.2018
100000084407_24,30.06.2018
100000084407_25,30.06.2018
100000084407_26,30.06.2018
100000084407_27,30.06.2018
100000084407_28,30.06.2018
100000084407_29,30.06.2018
100000084407_30,30.06.2018
100000084407_31,30.06.2018
100000084407_32,30.06.2018
100000084407_33,30.06.2018
100000084407_34,30.06.2018
100000084407_35,30.06.2018
100000084408_17,30.06.2018
100000084408_18,30.06.2018
100000084408_19,30.06.2018
100000084408_20,30.06.2018
100000084408_21,30.06.2018
100000084408_22,30.06.2018
100000084408_23,30.06.2018
100000084408_24,30.06.2018
100000084408_25,30.06.2018
100000084408_26,30.06.2018
100000084408_27,30.06.2018
100000084408_28,30.06.2018
100000084408_29,30.06.2018
100000084408_30,30.06.2018
100000084408_31,30.06.2018
100000084408_32,30.06.2018
100000084408_33,30.06.2018
100000084408_34,30.06.2018
100000084408_35,30.06.2018
100000084409_17,31.07.2018
100000084409_18,31.07.2018
100000084409_19,31.07.2018
100000084409_20,31.07.2018
100000084409_21,31.07.2018
100000084409_22,31.07.2018
100000084409_23,31.07.2018
100000084409_24,31.07.2018
100000084409_25,31.07.2018
100000084409_26,31.07.2018
100000084409_27,31.07.2018
100000084409_28,31.07.2018
100000084409_29,31.07.2018
100000084409_30,31.07.2018
100000084409_31,31.07.2018
100000084409_32,31.07.2018
100000084409_33,31.07.2018
100000084409_34,31.07.2018
100000084409_35,31.07.2018
100000084410_17,31.07.2018
100000084410_18,31.07.2018
100000084410_19,31.07.2018
100000084410_20,31.07.2018
100000084410_21,31.07.2018
100000084410_22,31.07.2018
100000084410_23,31.07.2018
100000084410_24,31.07.2018
100000084410_25,31.07.2018
100000084410_26,31.07.2018
100000084410_27,31.07.2018
100000084410_28,31.07.2018
100000084410_29,31.07.2018
100000084410_30,31.07.2018
100000084410_31,31.07.2018
100000084410_32,31.07.2018
100000084410_33,31.07.2018
100000084410_34,31.07.2018
100000084410_35,31.07.2018
100000084411_17,31.07.2018
100000084411_18,31.07.2018
100000084411_19,31.07.2018
100000084411_20,31.07.2018
100000084411_21,31.07.2018
100000084411_22,31.07.2018
100000084411_23,31.07.2018
100000084411_24,31.07.2018
100000084411_25,31.07.2018
100000084411_26,31.07.2018
100000084411_27,31.07.2018
100000084411_28,31.07.2018
100000084411_29,31.07.2018
100000084411_30,31.07.2018
100000084411_31,31.07.2018
100000084411_32,31.07.2018
100000084411_33,31.07.2018
100000084411_34,31.07.2018
100000084411_35,31.07.2018
100000084412_17,10.09.2018
100000084412_18,10.09.2018
100000084412_19,10.09.2018
100000084412_20,10.09.2018
100000084412_21,10.09.2018
100000084412_22,10.09.2018
100000084412_23,10.09.2018
100000084412_24,10.09.2018
100000084412_25,10.09.2018
100000084412_26,10.09.2018
100000084412_27,10.09.2018
100000084412_28,10.09.2018
100000084412_29,10.09.2018
100000084412_30,10.09.2018
100000084412_31,10.09.2018
100000084412_32,10.09.2018
100000084412_33,10.09.2018
100000084412_34,10.09.2018
100000084412_35,10.09.2018
"100000084492_0       36
1       37
2       38
3       39
4       40
        ..
1827    31
1828    32
1829    33
1830    34
1831    35
Name: maintanance_code_id, Length: 1832, dtype: int64",31.12.2022
"100000084493_0       36
1       37
2       38
3       39
4       40
        ..
1827    31
1828    32
1829    33
1830    34
1831    35
Name: maintanance_code_id, Length: 1832, dtype: int64",31.12.2022
"100000084494_0       36
1       37
2       38
3       39
4       40
        ..
1827    31
1828    32
1829    33
1830    34
1831    35
Name: maintanance_code_id, Length: 1832, dtype: int64",31.12.2022
"100000084495_0       36
1       37
2       38
3       39
4       40
        ..
1827    31
1828    32
1829    33
1830    34
1831    35
Name: maintanance_code_id, Length: 1832, dtype: int64",31.12.2022
"100000084496_0       36
1       37
2       38
3       39
4       40
        ..
1827    31
1828    32
1829    33
1830    34
1831    35
Name: maintanance_code_id, Length: 1832, dtype: int64",31.12.2022
"100000084497_0       36
1       37
2       38
3       39
4       40
        ..
1827    31
1828    32
1829    33
1830    34
1831    35
Name: maintanance_code_id, Length: 1832, dtype: int64",31.12.2022
"100000084498_0       36
1       37
2       38
3       39
4       40
        ..
1827    31
1828    32
1829    33
1830    34
1831    35
Name: maintanance_code_id, Length: 1832, dtype: int64",31.12.2022
"100000084499_0       36
1       37
2       38
3       39
4       40
        ..
1827    31
1828    32
1829    33
1830    34
1831    35
Name: maintanance_code_id, Length: 1832, dtype: int64",31.12.2022
"100000084500_0       36
1       37
2       38
3       39
4       40
        ..
1827    31
1828    32
1829    33
1830    34
1831    35
Name: maintanance_code_id, Length: 1832, dtype: int64",31.12.2022
"100000084501_0       36
1       37
2       38
3       39
4       40
        ..
1827    31
1828    32
1829    33
1830    34
1831    35
Name: maintanance_code_id, Length: 1832, dtype: int64",31.12.2022
"100000084502_0       36
1       37
2       38
3       39
4       40
        ..
1827    31
1828    32
1829    33
1830    34
1831    35
Name: maintanance_code_id, Length: 1832, dtype: int64",31.12.2022
"100000084503_0       36
1       37
2       38
3       39
4       40
        ..
1827    31
1828    32
1829    33
1830    34
1831    35
Name: maintanance_code_id, Length: 1832, dtype: int64",31.12.2022
"100000084504_0       36
1       37
2       38
3       39
4       40
        ..
1827    31
1828    32
1829    33
1830    34
1831    35
Name: maintanance_code_id, Length: 1832, dtype: int64",31.12.2022
"100000084505_0       36
1       37
2       38
3       39
4       40
        ..
1827    31
1828    32
1829    33
1830    34
1831    35
Name: maintanance_code_id, Length: 1832, dtype: int64",31.12.2022
"100000084506_0       36
1       37
2       38
3       39
4       40
        ..
1827    31
1828    32
1829    33
1830    34
1831    35
Name: maintanance_code_id, Length: 1832, dtype: int64",31.12.2022
"100000028868_0       36
1       37
2       38
3       39
4       40
        ..
1827    31
1828    32
1829    33
1830    34
1831    35
Name: maintanance_code_id, Length: 1832, dtype: int64",31.12.2022
"100000062367_0       36
1       37
2       38
3       39
4       40
        ..
1827    31
1828    32
1829    33
1830    34
1831    35
Name: maintanance_code_id, Length: 1832, dtype: int64",31.12.2022
"100000062368_0       36
1       37
2       38
3       39
4       40
        ..
1827    31
1828    32
1829    33
1830    34
1831    35
Name: maintanance_code_id, Length: 1832, dtype: int64",31.12.2022
"100000062369_0       36
1       37
2       38
3       39
4       40
        ..
1827    31
1828    32
1829    33
1830    34
1831    35
Name: maintanance_code_id, Length: 1832, dtype: int64",31.12.2022
"100000062370_0       36
1       37
2       38
3       39
4       40
        ..
1827    31
1828    32
1829    33
1830    34
1831    35
Name: maintanance_code_id, Length: 1832, dtype: int64",31.12.2022
"100000062371_0       36
1       37
2       38
3       39
4       40
        ..
1827    31
1828    32
1829    33
1830    34
1831    35
Name: maintanance_code_id, Length: 1832, dtype: int64",31.12.2022
"100000062372_0       36
1       37
2       38
3       39
4       40
        ..
1827    31
1828    32
1829    33
1830    34
1831    35
Name: maintanance_code_id, Length: 1832, dtype: int64",31.12.2022
"100000062373_0       36
1       37
2       38
3       39
4       40
        ..
1827    31
1828    32
1829    33
1830    34
1831    35
Name: maintanance_code_id, Length: 1832, dtype: int64",31.12.2022
"100000062374_0       36
1       37
2       38
3       39
4       40
        ..
1827    31
1828    32
1829    33
1830    34
1831    35
Name: maintanance_code_id, Length: 1832, dtype: int64",31.12.2022
"100000062375_0       36
1       37
2       38
3       39
4       40
        ..
1827    31
1828    32
1829    33
1830    34
1831    35
Name: maintanance_code_id, Length: 1832, dtype: int64",31.12.2022
"100000062376_0       36
1       37
2       38
3       39
4       40
        ..
1827    31
1828    32
1829    33
1830    34
1831    35
Name: maintanance_code_id, Length: 1832, dtype: int64",31.12.2022
"100000062377_0       36
1       37
2       38
3       39
4       40
        ..
1827    31
1828    32
1829    33
1830    34
1831    35
Name: maintanance_code_id, Length: 1832, dtype: int64",31.12.2022
"100000062378_0       36
1       37
2       38
3       39
4       40
        ..
1827    31
1828    32
1829    33
1830    34
1831    35
Name: maintanance_code_id, Length: 1832, dtype: int64",31.12.2022
"100000062379_0       36
1       37
2       38
3       39
4       40
        ..
1827    31
1828    32
1829    33
1830    34
1831    35
Name: maintanance_code_id, Length: 1832, dtype: int64",31.12.2022
"100000062380_0       36
1       37
2       38
3       39
4       40
        ..
1827    31
1828    32
1829    33
1830    34
1831    35
Name: maintanance_code_id, Length: 1832, dtype: int64",31.12.2022
"100000065606_0       36
1       37
2       38
3       39
4       40
        ..
1827    31
1828    32
1829    33
1830    34
1831    35
Name: maintanance_code_id, Length: 1832, dtype: int64",31.12.2022
"100000065607_0       36
1       37
2       38
3       39
4       40
        ..
1827    31
1828    32
1829    33
1830    34
1831    35
Name: maintanance_code_id, Length: 1832, dtype: int64",31.12.2022
"100000065608_0       36
1       37
2       38
3       39
4       40
        ..
1827    31
1828    32
1829    33
1830    34
1831    35
Name: maintanance_code_id, Length: 1832, dtype: int64",31.12.2022
"100000065609_0       36
1       37
2       38
3       39
4       40
        ..
1827    31
1828    32
1829    33
1830    34
1831    35
Name: maintanance_code_id, Length: 1832, dtype: int64",31.12.2022
"100000065611_0       36
1       37
2       38
3       39
4       40
        ..
1827    31
1828    32
1829    33
1830    34
1831    35
Name: maintanance_code_id, Length: 1832, dtype: int64",31.12.2022
"100000065967_0       36
1       37
2       38
3       39
4       40
        ..
1827    31
1828    32
1829    33
1830    34
1831    35
Name: maintanance_code_id, Length: 1832, dtype: int64",31.12.2022
"100000065612_0       36
1       37
2       38
3       39
4       40
        ..
1827    31
1828    32
1829    33
1830    34
1831    35
Name: maintanance_code_id, Length: 1832, dtype: int64",31.12.2022
"100000065613_0       36
1       37
2       38
3       39
4       40
        ..
1827    31
1828    32
1829    33
1830    34
1831    35
Name: maintanance_code_id, Length: 1832, dtype: int64",31.12.2022
"100000065614_0       36
1       37
2       38
3       39
4       40
        ..
1827    31
1828    32
1829    33
1830    34
1831    35
Name: maintanance_code_id, Length: 1832, dtype: int64",31.12.2022
"100000065615_0       36
1       37
2       38
3       39
4       40
        ..
1827    31
1828    32
1829    33
1830    34
1831    35
Name: maintanance_code_id, Length: 1832, dtype: int64",31.12.2022
"100000065616_0       36
1       37
2       38
3       39
4       40
        ..
1827    31
1828    32
1829    33
1830    34
1831    35
Name: maintanance_code_id, Length: 1832, dtype: int64",31.12.2022
"100000065617_0       36
1       37
2       38
3       39
4       40
        ..
1827    31
1828    32
1829    33
1830    34
1831    35
Name: maintanance_code_id, Length: 1832, dtype: int64",31.12.2022
"100000065618_0       36
1       37
2       38
3       39
4       40
        ..
1827    31
1828    32
1829    33
1830    34
1831    35
Name: maintanance_code_id, Length: 1832, dtype: int64",31.12.2022
"100000065619_0       36
1       37
2       38
3       39
4       40
        ..
1827    31
1828    32
1829    33
1830    34
1831    35
Name: maintanance_code_id, Length: 1832, dtype: int64",31.12.2022
"100000065620_0       36
1       37
2       38
3       39
4       40
        ..
1827    31
1828    32
1829    33
1830    34
1831    35
Name: maintanance_code_id, Length: 1832, dtype: int64",31.12.2022
"100000065968_0       36
1       37
2       38
3       39
4       40
        ..
1827    31
1828    32
1829    33
1830    34
1831    35
Name: maintanance_code_id, Length: 1832, dtype: int64",31.12.2022
"100000065969_0       36
1       37
2       38
3       39
4       40
        ..
1827    31
1828    32
1829    33
1830    34
1831    35
Name: maintanance_code_id, Length: 1832, dtype: int64",31.12.2022
"100000065970_0       36
1       37
2       38
3       39
4       40
        ..
1827    31
1828    32
1829    33
1830    34
1831    35
Name: maintanance_code_id, Length: 1832, dtype: int64",31.12.2022
"100000065971_0       36
1       37
2       38
3       39
4       40
        ..
1827    31
1828    32
1829    33
1830    34
1831    35
Name: maintanance_code_id, Length: 1832, dtype: int64",31.12.2022
"100000065972_0       36
1       37
2       38
3       39
4       40
        ..
1827    31
1828    32
1829    33
1830    34
1831    35
Name: maintanance_code_id, Length: 1832, dtype: int64",31.12.2022
"100000065973_0       36
1       37
2       38
3       39
4       40
        ..
1827    31
1828    32
1829    33
1830    34
1831    35
Name: maintanance_code_id, Length: 1832, dtype: int64",31.12.2022
"100000065974_0       36
1       37
2       38
3       39
4       40
        ..
1827    31
1828    32
1829    33
1830    34
1831    35
Name: maintanance_code_id, Length: 1832, dtype: int64",31.12.2022
"100000065975_0       36
1       37
2       38
3       39
4       40
        ..
1827    31
1828    32
1829    33
1830    34
1831    35
Name: maintanance_code_id, Length: 1832, dtype: int64",31.12.2022
"100000065622_0       36
1       37
2       38
3       39
4       40
        ..
1827    31
1828    32
1829    33
1830    34
1831    35
Name: maintanance_code_id, Length: 1832, dtype: int64",31.12.2022
"100000065976_0       36
1       37
2       38
3       39
4       40
        ..
1827    31
1828    32
1829    33
1830    34
1831    35
Name: maintanance_code_id, Length: 1832, dtype: int64",31.12.2022
"100000062381_0       36
1       37
2       38
3       39
4       40
        ..
1827    31
1828    32
1829    33
1830    34
1831    35
Name: maintanance_code_id, Length: 1832, dtype: int64",31.12.2022
"100000062382_0       36
1       37
2       38
3       39
4       40
        ..
1827    31
1828    32
1829    33
1830    34
1831    35
Name: maintanance_code_id, Length: 1832, dtype: int64",31.12.2022
"100000062383_0       36
1       37
2       38
3       39
4       40
        ..
1827    31
1828    32
1829    33
1830    34
1831    35
Name: maintanance_code_id, Length: 1832, dtype: int64",31.12.2022
"100000062384_0       36
1       37
2       38
3       39
4       40
        ..
1827    31
1828    32
1829    33
1830    34
1831    35
Name: maintanance_code_id, Length: 1832, dtype: int64",31.12.2022
"100000062385_0       36
1       37
2       38
3       39
4       40
        ..
1827    31
1828    32
1829    33
1830    34
1831    35
Name: maintanance_code_id, Length: 1832, dtype: int64",31.12.2022
"100000062386_0       36
1       37
2       38
3       39
4       40
        ..
1827    31
1828    32
1829    33
1830    34
1831    35
Name: maintanance_code_id, Length: 1832, dtype: int64",31.12.2022
"100000062387_0       36
1       37
2       38
3       39
4       40
        ..
1827    31
1828    32
1829    33
1830    34
1831    35
Name: maintanance_code_id, Length: 1832, dtype: int64",31.12.2022
"100000062388_0       36
1       37
2       38
3       39
4       40
        ..
1827    31
1828    32
1829    33
1830    34
1831    35
Name: maintanance_code_id, Length: 1832, dtype: int64",31.12.2022
"100000062389_0       36
1       37
2       38
3       39
4       40
        ..
1827    31
1828    32
1829    33
1830    34
1831    35
Name: maintanance_code_id, Length: 1832, dtype: int64",31.12.2022
"100000062390_0       36
1       37
2       38
3       39
4       40
        ..
1827    31
1828    32
1829    33
1830    34
1831    35
Name: maintanance_code_id, Length: 1832, dtype: int64",31.12.2022
"100000062391_0       36
1       37
2       38
3       39
4       40
        ..
1827    31
1828    32
1829    33
1830    34
1831    35
Name: maintanance_code_id, Length: 1832, dtype: int64",31.12.2022
"100000062392_0       36
1       37
2       38
3       39
4       40
        ..
1827    31
1828    32
1829    33
1830    34
1831    35
Name: maintanance_code_id, Length: 1832, dtype: int64",31.12.2022
"100000062393_0       36
1       37
2       38
3       39
4       40
        ..
1827    31
1828    32
1829    33
1830    34
1831    35
Name: maintanance_code_id, Length: 1832, dtype: int64",31.12.2022
"100000062394_0       36
1       37
2       38
3       39
4       40
        ..
1827    31
1828    32
1829    33
1830    34
1831    35
Name: maintanance_code_id, Length: 1832, dtype: int64",31.12.2022
"100000062395_0       36
1       37
2       38
3       39
4       40
        ..
1827    31
1828    32
1829    33
1830    34
1831    35
Name: maintanance_code_id, Length: 1832, dtype: int64",31.12.2022
"100000062396_0       36
1       37
2       38
3       39
4       40
        ..
1827    31
1828    32
1829    33
1830    34
1831    35
Name: maintanance_code_id, Length: 1832, dtype: int64",31.12.2022
"100000062397_0       36
1       37
2       38
3       39
4       40
        ..
1827    31
1828    32
1829    33
1830    34
1831    35
Name: maintanance_code_id, Length: 1832, dtype: int64",31.12.2022
"100000062398_0       36
1       37
2       38
3       39
4       40
        ..
1827    31
1828    32
1829    33
1830    34
1831    35
Name: maintanance_code_id, Length: 1832, dtype: int64",31.12.2022
"100000062399_0       36
1       37
2       38
3       39
4       40
        ..
1827    31
1828    32
1829    33
1830    34
1831    35
Name: maintanance_code_id, Length: 1832, dtype: int64",31.12.2022
"100000065623_0       36
1       37
2       38
3       39
4       40
        ..
1827    31
1828    32
1829    33
1830    34
1831    35
Name: maintanance_code_id, Length: 1832, dtype: int64",31.12.2022
"100000065624_0       36
1       37
2       38
3       39
4       40
        ..
1827    31
1828    32
1829    33
1830    34
1831    35
Name: maintanance_code_id, Length: 1832, dtype: int64",31.12.2022
"100000065625_0       36
1       37
2       38
3       39
4       40
        ..
1827    31
1828    32
1829    33
1830    34
1831    35
Name: maintanance_code_id, Length: 1832, dtype: int64",31.12.2022
"100000065626_0       36
1       37
2       38
3       39
4       40
        ..
1827    31
1828    32
1829    33
1830    34
1831    35
Name: maintanance_code_id, Length: 1832, dtype: int64",31.12.2022
"100000065627_0       36
1       37
2       38
3       39
4       40
        ..
1827    31
1828    32
1829    33
1830    34
1831    35
Name: maintanance_code_id, Length: 1832, dtype: int64",31.12.2022
"100000065628_0       36
1       37
2       38
3       39
4       40
        ..
1827    31
1828    32
1829    33
1830    34
1831    35
Name: maintanance_code_id, Length: 1832, dtype: int64",31.12.2022
"100000065629_0       36
1       37
2       38
3       39
4       40
        ..
1827    31
1828    32
1829    33
1830    34
1831    35
Name: maintanance_code_id, Length: 1832, dtype: int64",31.12.2022
"100000065630_0       36
1       37
2       38
3       39
4       40
        ..
1827    31
1828    32
1829    33
1830    34
1831    35
Name: maintanance_code_id, Length: 1832, dtype: int64",31.12.2022
"100000065631_0       36
1       37
2       38
3       39
4       40
        ..
1827    31
1828    32
1829    33
1830    34
1831    35
Name: maintanance_code_id, Length: 1832, dtype: int64",31.12.2022
"100000065632_0       36
1       37
2       38
3       39
4       40
        ..
1827    31
1828    32
1829    33
1830    34
1831    35
Name: maintanance_code_id, Length: 1832, dtype: int64",31.12.2022
"100000065633_0       36
1       37
2       38
3       39
4       40
        ..
1827    31
1828    32
1829    33
1830    34
1831    35
Name: maintanance_code_id, Length: 1832, dtype: int64",31.12.2022
"100000065634_0       36
1       37
2       38
3       39
4       40
        ..
1827    31
1828    32
1829    33
1830    34
1831    35
Name: maintanance_code_id, Length: 1832, dtype: int64",31.12.2022
"100000065635_0       36
1       37
2       38
3       39
4       40
        ..
1827    31
1828    32
1829    33
1830    34
1831    35
Name: maintanance_code_id, Length: 1832, dtype: int64",31.12.2022
"100000065636_0       36
1       37
2       38
3       39
4       40
        ..
1827    31
1828    32
1829    33
1830    34
1831    35
Name: maintanance_code_id, Length: 1832, dtype: int64",31.12.2022
"100000065637_0       36
1       37
2       38
3       39
4       40
        ..
1827    31
1828    32
1829    33
1830    34
1831    35
Name: maintanance_code_id, Length: 1832, dtype: int64",31.12.2022
"100000065638_0       36
1       37
2       38
3       39
4       40
        ..
1827    31
1828    32
1829    33
1830    34
1831    35
Name: maintanance_code_id, Length: 1832, dtype: int64",31.12.2022
"100000065639_0       36
1       37
2       38
3       39
4       40
        ..
1827    31
1828    32
1829    33
1830    34
1831    35
Name: maintanance_code_id, Length: 1832, dtype: int64",31.12.2022
"100000065640_0       36
1       37
2       38
3       39
4       40
        ..
1827    31
1828    32
1829    33
1830    34
1831    35
Name: maintanance_code_id, Length: 1832, dtype: int64",31.12.2022
"100000065641_0       36
1       37
2       38
3       39
4       40
        ..
1827    31
1828    32
1829    33
1830    34
1831    35
Name: maintanance_code_id, Length: 1832, dtype: int64",31.12.2022
"100000065643_0       36
1       37
2       38
3       39
4       40
        ..
1827    31
1828    32
1829    33
1830    34
1831    35
Name: maintanance_code_id, Length: 1832, dtype: int64",31.12.2022
"100000065977_0       36
1       37
2       38
3       39
4       40
        ..
1827    31
1828    32
1829    33
1830    34
1831    35
Name: maintanance_code_id, Length: 1832, dtype: int64",31.12.2022
"100000065978_0       36
1       37
2       38
3       39
4       40
        ..
1827    31
1828    32
1829    33
1830    34
1831    35
Name: maintanance_code_id, Length: 1832, dtype: int64",31.12.2022
"100000065979_0       36
1       37
2       38
3       39
4       40
        ..
1827    31
1828    32
1829    33
1830    34
1831    35
Name: maintanance_code_id, Length: 1832, dtype: int64",31.12.2022
"100000065980_0       36
1       37
2       38
3       39
4       40
        ..
1827    31
1828    32
1829    33
1830    34
1831    35
Name: maintanance_code_id, Length: 1832, dtype: int64",31.12.2022
"100000065981_0       36
1       37
2       38
3       39
4       40
        ..
1827    31
1828    32
1829    33
1830    34
1831    35
Name: maintanance_code_id, Length: 1832, dtype: int64",31.12.2022
"100000008673_0       36
1       37
2       38
3       39
4       40
        ..
1827    31
1828    32
1829    33
1830    34
1831    35
Name: maintanance_code_id, Length: 1832, dtype: int64",31.12.2022
"100000008674_0       36
1       37
2       38
3       39
4       40
        ..
1827    31
1828    32
1829    33
1830    34
1831    35
Name: maintanance_code_id, Length: 1832, dtype: int64",31.12.2022
"100000084384_0       36
1       37
2       38
3       39
4       40
        ..
1827    31
1828    32
1829    33
1830    34
1831    35
Name: maintanance_code_id, Length: 1832, dtype: int64",31.12.2022
"100000084385_0       36
1       37
2       38
3       39
4       40
        ..
1827    31
1828    32
1829    33
1830    34
1831    35
Name: maintanance_code_id, Length: 1832, dtype: int64",31.12.2022
"100000084386_0       36
1       37
2       38
3       39
4       40
        ..
1827    31
1828    32
1829    33
1830    34
1831    35
Name: maintanance_code_id, Length: 1832, dtype: int64",31.12.2022
"100000084387_0       36
1       37
2       38
3       39
4       40
        ..
1827    31
1828    32
1829    33
1830    34
1831    35
Name: maintanance_code_id, Length: 1832, dtype: int64",31.12.2022
"100000084388_0       36
1       37
2       38
3       39
4       40
        ..
1827    31
1828    32
1829    33
1830    34
1831    35
Name: maintanance_code_id, Length: 1832, dtype: int64",31.12.2022
"100000084389_0       36
1       37
2       38
3       39
4       40
        ..
1827    31
1828    32
1829    33
1830    34
1831    35
Name: maintanance_code_id, Length: 1832, dtype: int64",31.12.2022
"100000084390_0       36
1       37
2       38
3       39
4       40
        ..
1827    31
1828    32
1829    33
1830    34
1831    35
Name: maintanance_code_id, Length: 1832, dtype: int64",31.12.2022
"100000084391_0       36
1       37
2       38
3       39
4       40
        ..
1827    31
1828    32
1829    33
1830    34
1831    35
Name: maintanance_code_id, Length: 1832, dtype: int64",31.12.2022
"100000084392_0       36
1       37
2       38
3       39
4       40
        ..
1827    31
1828    32
1829    33
1830    34
1831    35
Name: maintanance_code_id, Length: 1832, dtype: int64",31.12.2022
"100000084393_0       36
1       37
2       38
3       39
4       40
        ..
1827    31
1828    32
1829    33
1830    34
1831    35
Name: maintanance_code_id, Length: 1832, dtype: int64",31.12.2022
"100000084394_0       36
1       37
2       38
3       39
4       40
        ..
1827    31
1828    32
1829    33
1830    34
1831    35
Name: maintanance_code_id, Length: 1832, dtype: int64",31.12.2022
"100000084395_0       36
1       37
2       38
3       39
4       40
        ..
1827    31
1828    32
1829    33
1830    34
1831    35
Name: maintanance_code_id, Length: 1832, dtype: int64",31.12.2022
"100000084396_0       36
1       37
2       38
3       39
4       40
        ..
1827    31
1828    32
1829    33
1830    34
1831    35
Name: maintanance_code_id, Length: 1832, dtype: int64",31.12.2022
"100000084397_0       36
1       37
2       38
3       39
4       40
        ..
1827    31
1828    32
1829    33
1830    34
1831    35
Name: maintanance_code_id, Length: 1832, dtype: int64",31.12.2022
"100000084398_0       36
1       37
2       38
3       39
4       40
        ..
1827    31
1828    32
1829    33
1830    34
1831    35
Name: maintanance_code_id, Length: 1832, dtype: int64",31.12.2022
"100000084399_0       36
1       37
2       38
3       39
4       40
        ..
1827    31
1828    32
1829    33
1830    34
1831    35
Name: maintanance_code_id, Length: 1832, dtype: int64",31.12.2022
"100000084402_0       36
1       37
2       38
3       39
4       40
        ..
1827    31
1828    32
1829    33
1830    34
1831    35
Name: maintanance_code_id, Length: 1832, dtype: int64",31.12.2022
"100000084403_0       36
1       37
2       38
3       39
4       40
        ..
1827    31
1828    32
1829    33
1830    34
1831    35
Name: maintanance_code_id, Length: 1832, dtype: int64",31.12.2022
"100000084400_0       36
1       37
2       38
3       39
4       40
        ..
1827    31
1828    32
1829    33
1830    34
1831    35
Name: maintanance_code_id, Length: 1832, dtype: int64",31.12.2022
"100000084401_0       36
1       37
2       38
3       39
4       40
        ..
1827    31
1828    32
1829    33
1830    34
1831    35
Name: maintanance_code_id, Length: 1832, dtype: int64",31.12.2022
"100000084404_0       36
1       37
2       38
3       39
4       40
        ..
1827    31
1828    32
1829    33
1830    34
1831    35
Name: maintanance_code_id, Length: 1832, dtype: int64",31.12.2022
"100000084405_0       36
1       37
2       38
3       39
4       40
        ..
1827    31
1828    32
1829    33
1830    34
1831    35
Name: maintanance_code_id, Length: 1832, dtype: int64",31.12.2022
"100000084406_0       36
1       37
2       38
3       39
4       40
        ..
1827    31
1828    32
1829    33
1830    34
1831    35
Name: maintanance_code_id, Length: 1832, dtype: int64",31.12.2022
"100000084407_0       36
1       37
2       38
3       39
4       40
        ..
1827    31
1828    32
1829    33
1830    34
1831    35
Name: maintanance_code_id, Length: 1832, dtype: int64",31.12.2022
"100000084408_0       36
1       37
2       38
3       39
4       40
        ..
1827    31
1828    32
1829    33
1830    34
1831    35
Name: maintanance_code_id, Length: 1832, dtype: int64",31.12.2022
"100000084409_0       36
1       37
2       38
3       39
4       40
        ..
1827    31
1828    32
1829    33
1830    34
1831    35
Name: maintanance_code_id, Length: 1832, dtype: int64",31.12.2022
"100000084410_0       36
1       37
2       38
3       39
4       40
        ..
1827    31
1828    32
1829    33
1830    34
1831    35
Name: maintanance_code_id, Length: 1832, dtype: int64",31.12.2022
"100000084411_0       36
1       37
2       38
3       39
4       40
        ..
1827    31
1828    32
1829    33
1830    34
1831    35
Name: maintanance_code_id, Length: 1832, dtype: int64",31.12.2022
"100000084412_0       36
1       37
2       38
3       39
4       40
        ..
1827    31
1828    32
1829    33
1830    34
1831    35
Name: maintanance_code_id, Length: 1832, dtype: int64",31.12.2022
100000028868_67,31.12.2022
100000062367_67,31.12.2022
100000062368_67,31.12.2022
100000062369_67,31.12.2022
100000062370_67,31.12.2022
100000062371_67,31.12.2022
100000062372_67,31.12.2022
100000062373_67,31.12.2022
100000062374_67,31.12.2022
100000062375_67,31.12.2022
100000062376_67,31.12.2022
100000062377_67,31.12.2022
100000062378_67,31.12.2022
100000062379_67,31.12.2022
100000062380_67,31.12.2022
100000065606_67,31.12.2022
100000065607_67,31.12.2022
100000065608_67,31.12.2022
100000065609_67,31.12.2022
100000065611_67,31.12.2022
100000065967_67,31.12.2022
100000065612_67,31.12.2022
100000065613_67,31.12.2022
100000065614_67,31.12.2022
100000065615_67,31.12.2022
100000065616_67,31.12.2022
100000065617_67,31.12.2022
100000065618_67,31.12.2022
100000065619_67,31.12.2022
100000065620_67,31.12.2022
100000065968_67,31.12.2022
100000065969_67,31.12.2022
100000065970_67,31.12.2022
100000065971_67,31.12.2022
100000065972_67,31.12.2022
100000065973_67,31.12.2022
100000065974_67,31.12.2022
100000065975_67,31.12.2022
100000065622_67,31.12.2022
100000065976_67,31.12.2022
100000062381_67,31.12.2022
100000062382_67,31.12.2022
100000062383_67,31.12.2022
100000062384_67,31.12.2022
100000062385_67,31.12.2022
100000062386_67,31.12.2022
100000062387_67,31.12.2022
100000062388_67,31.12.2022
100000062389_67,31.12.2022
100000062390_67,31.12.2022
100000062391_67,31.12.2022
100000062392_67,31.12.2022
100000062393_67,31.12.2022
100000062394_67,31.12.2022
100000062395_67,31.12.2022
100000062396_67,31.12.2022
100000062397_67,31.12.2022
100000062398_67,31.12.2022
100000062399_67,31.12.2022
100000065623_67,31.12.2022
100000065624_67,31.12.2022
100000065625_67,31.12.2022
100000065626_67,31.12.2022
100000065627_67,31.12.2022
100000065628_67,31.12.2022
100000065629_67,31.12.2022
100000065630_67,31.12.2022
100000065631_67,31.12.2022
100000065632_67,31.12.2022
100000065633_67,31.12.2022
100000065634_67,31.12.2022
100000065635_67,31.12.2022
100000065636_67,31.12.2022
100000065637_67,31.12.2022
100000065638_67,31.12.2022
100000065639_67,31.12.2022
100000065640_67,31.12.2022
100000065641_67,31.12.2022
100000065643_67,31.12.2022
100000065977_67,31.12.2022
100000065978_67,31.12.2022
100000065979_67,31.12.2022
100000065980_67,31.12.2022
100000065981_67,31.12.2022
100000008673_67,31.12.2022
100000008674_67,31.12.2022
